상품명,가격,주소
삼성전자 갤럭시북4 프로 NT960XGQ-A51A,1545000,https://cr.shopping.naver.com/adcr.nhn?x=hrR9TRDCuj2mRNmN7DhsGv%2F%2F%2Fw%3D%3Ds64hFOVl0VdDWcJ5pCYT1cKFvoVnkTG0P18YOF1mTELMXtKWU5l2RZhzweonlysWaZiix5AjPZWXSEa4uIhN91fPkWQmle2V65pkFcVf6IBR4hwNt1smDDaxLud3ubHkOA7t5glsD1fuilsGk3GhlV8v%2BjB2erv%2BZ%2Brrs5VHOiTQgGE7%2BZatKjf5hEf1XctkKR6WD8KcBldft0wM54tS2vtjMLMF37IGTcafAkl8SUA1yVIMMNqLACnbjknB0qr9OINJO0cBUUOEf95BYgHLHSkPg%2F6PYJW9LpCSumzPJoigK7CtQzZWLlur1%2FFge4%2BEpxKnnCtHUYWD%2B8HCFsn7uqOK2V7exMnun2FBCv4p788WkudW4LAgR4Xxl%2FdcF1QLKq5riTLhF6vEnK2mCUpqksd1woZLwre%2F0c6LfC8XQvOYaBrv%2FAYZ2VuMx%2BHoowSgik1O%2BbRykdeu%2FvbeBEkr3TVN3kmpzj8HKpYJst8kuZb42NcNqVIgWpfzSfKu99sFLPNRouOLVBR9bkVCm5wEj0Hs3T4qzSBIVN2HAysFdoOTaN6pcKWXH0JelKDqXdHlZTKfHuNbbeRvg3WFxJFRHVoKoDr6us%2BRKRCOTdsWr9TI%3D&nvMid=44884086618&catId=50000151
삼성전자 갤럭시북4 프로360 NT960QGK-K71AR,2399000,https://cr.shopping.naver.com/adcr.nhn?x=Dar73vVtaHVeSEnyo3Tehv%2F%2F%2Fw%3D%3Dsaeq5uCbeha%2B2AWK2bOD%2BxBJoCEAXjZ4FzqKF1aMBkqr2m%2FfFa014Vbw4CyFgdKsa6WlhIp9BjnHdYcqqRtdN3Ehwf23LaXI3%2BWBMrS282udbXyCWgblhATlkH5C9P4zXptzbKxkdv7T9NaJp9P8a8lVd6Z%2BmZ5fvTALbBBPmfKJiL5pNWLYG8nPcqciz%2FkvX0qWaq62rTDvrm0RThns%2FTBtDwm%2BqtcL%2F%2BsHW7V7DzFJvOkN1ObtekPcPUhD3%2FT7c7rNm5GDbb84wCB4v7qvvZsOmY27ZGze0Q%2BtXRlM4OxtarJoVrbEtunAYIkKGowOqmzJmAUJGY7WwrGLc5Joi5CEhb%2B5%2BbgCLWD5ufmjwVaCy5rjDnXk2U6sJ3Y5BNj1rZBwJofHPqeh6NHJbntTahqAhfbmRc6T9Q91MqoVII6p0dZVun8tw2qBXc%2BdUQUTYmoNIOjxrzAgR%2F6uXitgtjW9pGjtbvDCyBSlpShSqBWRqYEZWYf5Ea3Og%2Bnr09%2Br%2FlMveu5pUmt5mX6mUy4ug6qblpj1J%2BKJg7YXHfiYuRBpPVPBkjtCIAL0ODB5EUiMlCmH6fk9eN42L7CxTVlvu0UHQIiXcF4qwUXZ2sX76wW8%3D&nvMid=44880953618&catId=50000151
삼성전자 갤럭시북3 360 NT750QFT-A51A,1388000,https://cr.shopping.naver.com/adcr.nhn?x=CkM%2FeUpwFoLQ6LdXZ5yQMP%2F%2F%2Fw%3D%3DsiwKlZ%2F0Nm%2BZB2KWoPVxanTIhSdI2RSurw8Y%2FrhLS1tz2m%2FfFa014Vbw4CyFgdKsaafNKBlKZvDNWwPAZWHzA8Ehwf23LaXI3%2BWBMrS282udbXyCWgblhATlkH5C9P4zXptzbKxkdv7T9NaJp9P8a8lVd6Z%2BmZ5fvTALbBBPmfKIKuOP2P3h86n8hSq1Iw8%2BL50oISvBOZlvkpZL4TEiaIBtDwm%2BqtcL%2F%2BsHW7V7DzFJvOkN1ObtekPcPUhD3%2FT7c7rNm5GDbb84wCB4v7qvvZsOmY27ZGze0Q%2BtXRlM4OxtarJoVrbEtunAYIkKGowOqXIJ%2Blx1RJpBsZIX6sgqcgiEhb%2B5%2BbgCLWD5ufmjwVaCy5rjDnXk2U6sJ3Y5BNj1rdLjzZClbAJp2CxxyPG5XMaAhfbmRc6T9Q91MqoVII6qB%2Fid7qwtnXHi%2FUjXC6%2BqMcVC4oYEKH8Lz5NF2QbVvt5duxs%2B3Ze%2BKJKyMINm2G%2BDVkkCRZmdioRYBo1wEI0BTwtIYh35n85gCNF9XAudNivSpj72u56XCWCDQAt7rxzgWkkXaQrW%2BnsN4aEFoTdzgyi%2B4kkcAYLB3SEt%2FTOSjzgau4fTwOUqyF63FjwpQRls%3D&nvMid=37624157618&catId=50000151
삼성전자 갤럭시북2 NT550XED-K24A,498000,https://cr.shopping.naver.com/adcr.nhn?x=JuYBFwbnlDfL26a8F0Ikff%2F%2F%2Fw%3D%3DsjE6J%2B1ugNjj5t1gi9W9De7ev6FXCKkNxTIYLNK4b3CIXtKWU5l2RZhzweonlysWaWXb%2FyMyex5EPrH6BXsHAdvPkWQmle2V65pkFcVf6IBR4hwNt1smDDaxLud3ubHkOA7t5glsD1fuilsGk3GhlV8v%2BjB2erv%2BZ%2Brrs5VHOiTQgGE7%2BZatKjf5hEf1XctkKxsp1kaDa%2BEs8m5%2FDOqIw%2BNjMLMF37IGTcafAkl8SUA1yVIMMNqLACnbjknB0qr9OINJO0cBUUOEf95BYgHLHSkPg%2F6PYJW9LpCSumzPJoigK7CtQzZWLlur1%2FFge4%2BEpw99vlgBylLezdRyM2v9Jf%2F0PqpzS9bsPbua3QvdT2KOkudW4LAgR4Xxl%2FdcF1QLKCOLqy7j3yJ1E4VDPpj5ns91woZLwre%2F0c6LfC8XQvOZfhi4BjwgIMvxXagqvhvBfJhgq47fpF6su3wL8K095tFN3kmpzj8HKpYJst8kuZb5sNl3JVdtBjgoSe03goMj9uu6hWTQwEWHGZEUDU8GMKZ9wH9uCiVcd7ecKFYxkBpfTUmk8g4RgCB5dJ4Ordid%2Bx9%2Fu3BDOJAbR7oUDUfWafR0cjwVm1BUYVknE7IEMpz4%3D&nvMid=43494810618&catId=50000151
삼성 15인치 갤럭시북 업무용 사무용 인강용 대학생 가성비 싼노트북 윈도우11포함 기본팩,499000,https://cr.shopping.naver.com/adcr.nhn?x=D%2BkCCVsHijl8qXLNAsKDhf%2F%2F%2Fw%3D%3DsZMAFUP5Ync9asrJACbewH2FEiA%2B1R6OB5TKGSJGxr68XtKWU5l2RZhzweonlysWawdyQR4wDsZIKjX4tdnTIFfPkWQmle2V65pkFcVf6IBR4hwNt1smDDaxLud3ubHkOLGUiP6HDz6JZY0ryO1a%2FOsVIhUTYq2J1wF4XcKD2AOWkOA3ZateG%2FY8eKxwX1E0N9n2Zbwz4O8%2Fgx7ElNhvAQe6zZuRg22%2FOMAgeL%2B6r72bDpmNu2Rs3tEPrV0ZTODsbWqyaFa2xLbpwGCJChqMDqitt0NypkMnwqEcEa%2BC4IHMYQfMWrhH4ziRghGbSPvqMzzP1AE02N8MNWVtGJkp2mzery%2Fr2YhCSV5DVxNGRaAfN81WjUpxJVJrN5mDsz4BpVs%2BU6GLITStthWUvuJh0IdPIw9O54c4ncyaQfTm2or%2FM0n01cp%2FEN56eFOJnjg5QnfnSNabX3g5GRHWcwK4tK71ZjZplaTYS2Q9Wve%2BOmT2rYbHufPcuypmq1ilMaO4ZKmilsYqrmhAE4DkPc8DJ%2F0U4m0J%2FWot7R5jKIg3qoepzuJTiNavKtMMKGJvDwUQkBHE%2FgGZJAD2Eir6TxCDG3D1cz068bJRyD7Mw%2F1WHvv6yhrt8qtsmwpYlTtfH2J9wDLNM0pnWnCrhcxkwrOD6czYbUUSRJLaKc%2FYMP9awZhqCqA6%2BrrPkSkQjk3bFq%2FUy&nvMid=85662765582&catId=50000151
삼성전자 갤럭시북4 프로 NT940XGQ-A51A,1337550,https://cr.shopping.naver.com/adcr.nhn?x=2Tg8jjKW6OqYqCRDhEeJDP%2F%2F%2Fw%3D%3DsjevBJ%2F8KigcQ5yOVHwf6OcAThfxPM%2FeBgUF9k9gwSqoXtKWU5l2RZhzweonlysWaMdY7D3E82lXDCJuwztVt4%2FPkWQmle2V65pkFcVf6IBR4hwNt1smDDaxLud3ubHkOA7t5glsD1fuilsGk3GhlV8v%2BjB2erv%2BZ%2Brrs5VHOiTQgGE7%2BZatKjf5hEf1XctkK9tddX4AUF%2Bjg7qn%2FbqnZLtjMLMF37IGTcafAkl8SUA1yVIMMNqLACnbjknB0qr9OINJO0cBUUOEf95BYgHLHSkPg%2F6PYJW9LpCSumzPJoigK7CtQzZWLlur1%2FFge4%2BEpdO%2FsWo0mlLwHNGbLcz5alkh9jxwl6p%2B1jQdJ05GUBs2kudW4LAgR4Xxl%2FdcF1QLKHopbLIJELMUPwRu%2BQq7N%2BN1woZLwre%2F0c6LfC8XQvOa6mSCZCYSvV8n0pPyznxnPk1O%2BbRykdeu%2FvbeBEkr3TVN3kmpzj8HKpYJst8kuZb7GP2NI5NqTaxEvBqTSGuf4wzgiNLFORftEc5N3t1ewCbIDJwxbZo289j5i4fQbwHnqKfuJveKNq3sLccUcNTyYKKprCXHNzRiEqkI5nQikD4KoDr6us%2BRKRCOTdsWr9TI%3D&nvMid=44881382618&catId=50000151
삼성전자 갤럭시북4 프로 NT960XGK-K71A,1990710,https://cr.shopping.naver.com/adcr.nhn?x=3ALpOQ3o9yW71fVqJhupCP%2F%2F%2Fw%3D%3Ds5o7Z1FhBRueYDbVpbO3R4jVeTWT7SRShED8wXyLL0Y8XtKWU5l2RZhzweonlysWaypHW0iMQzlwtTqSYZz7OPPPkWQmle2V65pkFcVf6IBR4hwNt1smDDaxLud3ubHkOA7t5glsD1fuilsGk3GhlV8v%2BjB2erv%2BZ%2Brrs5VHOiTQgGE7%2BZatKjf5hEf1XctkKkDjXWTZRHhqyVvp2QCMCAtjMLMF37IGTcafAkl8SUA1yVIMMNqLACnbjknB0qr9OINJO0cBUUOEf95BYgHLHSkPg%2F6PYJW9LpCSumzPJoigK7CtQzZWLlur1%2FFge4%2BEpbS00%2BAkJL6Gfq7zuTNQcUhK3DzFioRxK5Q14wqT3fBSkudW4LAgR4Xxl%2FdcF1QLKTB41i4UTDCPdJDrYS6QYRN1woZLwre%2F0c6LfC8XQvOYaBrv%2FAYZ2VuMx%2BHoowSgiQP0PLXsfRn5lhsoWcbg5TVN3kmpzj8HKpYJst8kuZb4c1Le8nlEPyfu3nHcTjDHmlnJvCdCOURtTV%2BK5wi%2FPTGbA61eFotY3BN9DaNL7K3zp0kLZi1saQvcvOPesF0L9%2BPcOp5xh3GfFud8%2FfyZt04KoDr6us%2BRKRCOTdsWr9TI%3D&nvMid=44880964618&catId=50000151
LG전자 울트라PC 라이젠 15인치 사무용 인강용 업무용 학생용 저렴한 가성비 LG노트북,549000,https://cr.shopping.naver.com/adcr.nhn?x=rTF%2FLVq7iU%2BRZCOHC11T6v%2F%2F%2Fw%3D%3Dss6KWHirG%2B307m1Qrn8rThgtG3MJCVs8DriyIn7m%2Fw%2BQXtKWU5l2RZhzweonlysWaTBP2il%2FTWQx66qjkMAAQcvPkWQmle2V65pkFcVf6IBR4hwNt1smDDaxLud3ubHkOLGUiP6HDz6JZY0ryO1a%2FOsVIhUTYq2J1wF4XcKD2AOWkOA3ZateG%2FY8eKxwX1E0N1X5q7MFg2RdEjyhl0ixdJe6zZuRg22%2FOMAgeL%2B6r72bDpmNu2Rs3tEPrV0ZTODsbWqyaFa2xLbpwGCJChqMDqlYGkLTEDKUnGY3ySTFYWvW6YDouYgHDuEfypiuNa%2FUopLnVuCwIEeF8Zf3XBdUCyp5qB5c8FroY1Lg9EiN30HbdcKGS8K3v9HOi3wvF0LzmbJvPyPgjAhcUFj0pdWn%2BuWu9mI6kq68vfTU0DX%2FFh4LNE6Df5%2BVpE9qn8XeygVGAVQEsBCYp4Am406m%2FFveKSN%2FDE4n346ukmynXeTlDJq5u22iTW86CTGe7AqYSt9iSz%2FoBKI1%2B4y0rn3cRIK2S0bUX5oXmuSW%2BhDfvKCrHdiSq9e%2FCN2vpGkH8EuCN8NGnNDGCBudCft6iY88DY8HQvXFrwj4Os%2FMX7X5Gp9MEDe9pYdx7X83odY4u2%2FB2qLD5jWzBUqzvYp2C2kHSdHJxwVaFndIwdNwuWmKtx1HNSCrUkiyUGZ3FpPHvE7X48%2Bhb&nvMid=83718736488&catId=50000151
삼성전자 갤럭시북4 프로 NT960XGK-K71AR,2369650,https://cr.shopping.naver.com/adcr.nhn?x=z%2BNIn41WxHATio3In0Uaq%2F%2F%2F%2Fw%3D%3DsLqiNwiY%2B0P9%2FpWQP%2FhpftKuOSIm7cFQ3QyT4SgG3aZAXtKWU5l2RZhzweonlysWahQRD%2BZo%2FTmpc%2BRWCzbKucfPkWQmle2V65pkFcVf6IBR4hwNt1smDDaxLud3ubHkOA7t5glsD1fuilsGk3GhlV8v%2BjB2erv%2BZ%2Brrs5VHOiTQgGE7%2BZatKjf5hEf1XctkKtzzFIhUMAwvalH3DQBh4T9jMLMF37IGTcafAkl8SUA1yVIMMNqLACnbjknB0qr9OINJO0cBUUOEf95BYgHLHSkPg%2F6PYJW9LpCSumzPJoigK7CtQzZWLlur1%2FFge4%2BEpOZhK2gFA77SNsF0YdT6pqI6ASpVItOrM%2F6AL8l%2FuOwOkudW4LAgR4Xxl%2FdcF1QLKRr7zsWO3qqWiGrzg8%2ByWYt1woZLwre%2F0c6LfC8XQvOYaBrv%2FAYZ2VuMx%2BHoowSgiZZcnBGqxsy0uz1C8ifxsf6WX4OkdQnUc0HiX%2FEfB6sBQh8d0QoT6v88KxGTqDAXqNa7ESU6KzQQ3PVklrqWg6L%2BGBoyQkiFtSLwcV09cBvegGXc3ehO2IHl6X8UBDRcEBo%2Fsczm9PoP62rAeDiKVKw4SwcLvxUEucVmH%2BcOht40%3D&nvMid=44880961618&catId=50000151
LG전자 그램 프로360 16TD90SP-KX56K,1999000,https://cr.shopping.naver.com/adcr.nhn?x=pvst%2BUo2rTxqY3dQUxwZ9v%2F%2F%2Fw%3D%3Ds%2FSwcyNZLrxmEM7e8x91WBYxZKXmbxD4ga8NyZ%2BUGHwj2m%2FfFa014Vbw4CyFgdKsa7725WP7uFIc4n8EDO%2BJmkEhwf23LaXI3%2BWBMrS282udbXyCWgblhATlkH5C9P4zXptzbKxkdv7T9NaJp9P8a8lVd6Z%2BmZ5fvTALbBBPmfKJiL5pNWLYG8nPcqciz%2FkvXsZpxJ0gP3r%2FaXONdtgyfxBtDwm%2BqtcL%2F%2BsHW7V7DzFJvOkN1ObtekPcPUhD3%2FT7c7rNm5GDbb84wCB4v7qvvZsOmY27ZGze0Q%2BtXRlM4OxtarJoVrbEtunAYIkKGowOq4etSBRXVOh7yl0eraau0oSEhb%2B5%2BbgCLWD5ufmjwVaCy5rjDnXk2U6sJ3Y5BNj1rbaeoh57AZGc0ON1hhl0zyaAhfbmRc6T9Q91MqoVII6oBQ5oPAmMmsIxxvF1p%2BJKnBVoaV4nVoYooij6XwbWad29pGjtbvDCyBSlpShSqBWTt%2FbvqmoRGKz44J027xX%2BBlMveu5pUmt5mX6mUy4ug6rr31KEQEvFNO0CKwjGKia0kc3xkPMcZrh6Ae9d4DbG0Ie1VdJezRm21lHcVxYWNqEHQIiXcF4qwUXZ2sX76wW8%3D&nvMid=44947569618&catId=50000151
(혜택가31만)LG 울트라PC 14인치 노트북 사무 업무 인강 학습용 저렴한 윈도우 탑재 노트북,369000,https://cr.shopping.naver.com/adcr.nhn?x=gkRP8MtaEx9EINcmjT5b7v%2F%2F%2Fw%3D%3DsydRbi%2FESeEss32sOe8d%2Bjgz9kKWfA%2FjbaYpbodlVKHUXtKWU5l2RZhzweonlysWa8KSLx34wzZCoca959kg4WvPkWQmle2V65pkFcVf6IBR4hwNt1smDDaxLud3ubHkOLGUiP6HDz6JZY0ryO1a%2FOsVIhUTYq2J1wF4XcKD2AOWkOA3ZateG%2FY8eKxwX1E0NsQDo%2FoJIdhgHhCau2Lt2ke6zZuRg22%2FOMAgeL%2B6r72bDpmNu2Rs3tEPrV0ZTODsbWqyaFa2xLbpwGCJChqMDqu2zb88I5RO%2FcDXdZTq3rsye%2FrJ0ZDkqLt3qo%2BevQCEPzzP1AE02N8MNWVtGJkp2m0pfORNT7pfbRmgS6gCDz1fN81WjUpxJVJrN5mDsz4Bp%2Bae6DiNDa1wYKc7kTnyEeYCdHXF4xcO6lFisQM58bvygnr5Ijp5ux8HWE3bOzpuULgFWgoMRmOzPq3p8kehFh3yB8ZfzO6B3uQ1x4feiS0rmBiSOzH49DXI69VNfIT1aQqIiNNH%2BpAd0ClqrcisdBJkbb3lH%2BMopOnjyYezBMuB9U6eZSUcshztZ%2FTjde%2BV2cg%2BJK4QArpE1ck4B3k4%2FLXvJEjntGCkjvhDN6olz8XQHcjFKExBOYAcohjV0vbp8PKwtDsK1A5gXjcwxaZWFgXH7RrZpOconWTYHAdMJ5OFB0CIl3BeKsFF2drF%2B%2BsFv&nvMid=86332529467&catId=50000151
삼성전자 갤럭시북4 NT750XGR-A71A,998000,https://cr.shopping.naver.com/adcr.nhn?x=mZ1lJ6e7%2BovG0O3km%2BijUv%2F%2F%2Fw%3D%3Ds2UgYG3GIUk1aFZhazSrKroq6vItCwsiuU5MfF497TlkXtKWU5l2RZhzweonlysWa6Bvc55wjvYCVelwLupq5DPPkWQmle2V65pkFcVf6IBR4hwNt1smDDaxLud3ubHkOA7t5glsD1fuilsGk3GhlV8v%2BjB2erv%2BZ%2Brrs5VHOiTQgGE7%2BZatKjf5hEf1XctkKmpiywcaMwKptlo1C4f8U%2FtjMLMF37IGTcafAkl8SUA1yVIMMNqLACnbjknB0qr9OINJO0cBUUOEf95BYgHLHSkPg%2F6PYJW9LpCSumzPJoigK7CtQzZWLlur1%2FFge4%2BEpxBp%2BaXRwXvCFvykGJ9Ww0sqVTQPH88BQ6a189W2RF2ykudW4LAgR4Xxl%2FdcF1QLKsqxW0qhfZO6ZWqmf91l15t1woZLwre%2F0c6LfC8XQvOaVEQABQ%2BEHw28GHTiiTOmI2yvunS%2BQdd6eogu62HiyClN3kmpzj8HKpYJst8kuZb5HlPwDr9CsI0QPy9bqa1pyuu6hWTQwEWHGZEUDU8GMKdeKUxKcYSTz87KVEYwZxBZH6ygIEiA%2Foz%2FnMbM%2F6hl%2BLXtmnwnaNq1hpbxaJRnRvB0cjwVm1BUYVknE7IEMpz4%3D&nvMid=46633100618&catId=50000151
삼성전자 갤럭시북4 프로360 NT960QGK-K71A,2198000,https://cr.shopping.naver.com/adcr.nhn?x=AVfiFCUFJbAeoXp8XJigOf%2F%2F%2Fw%3D%3DsiqPi4mbqpqQ4OT30PwQoIzCHyt%2FcXRoILQq7zglZOBP2m%2FfFa014Vbw4CyFgdKsaAPg6ob9Y2IjJV1QEbLgqCEhwf23LaXI3%2BWBMrS282udbXyCWgblhATlkH5C9P4zXptzbKxkdv7T9NaJp9P8a8lVd6Z%2BmZ5fvTALbBBPmfKJiL5pNWLYG8nPcqciz%2FkvXDjgA9a2KoS2ZfNpmNR5%2B6RtDwm%2BqtcL%2F%2BsHW7V7DzFJvOkN1ObtekPcPUhD3%2FT7c7rNm5GDbb84wCB4v7qvvZsOmY27ZGze0Q%2BtXRlM4OxtarJoVrbEtunAYIkKGowOq%2B%2FnrwCgGOk7ZYLCXYydV9SEhb%2B5%2BbgCLWD5ufmjwVaCy5rjDnXk2U6sJ3Y5BNj1rOJi48AK%2FmFBORLryPSSaKqAhfbmRc6T9Q91MqoVII6p0dZVun8tw2qBXc%2BdUQUTYvc%2BIIDSqvcMNjrA1IXhW91gHsjYJosx2rC4rYQGspyTHlqwZOQbk3uUDUpXRNrAWwtIYh35n85gCNF9XAudNignRBw%2Fx1fIaU0iC4uSQTT0%2F1lfIt8sCTm0ExXtgj9g20GpAF0i%2BMVkEGuDKYzzpPEHQIiXcF4qwUXZ2sX76wW8%3D&nvMid=44879444618&catId=50000151
삼성전자 갤럭시북4 NT750XGR-A31A,699000,https://cr.shopping.naver.com/adcr.nhn?x=LCSbxzdRG93ATwmUQylE5f%2F%2F%2Fw%3D%3Ds9tMUgkaWQ0RN7Hp0CskQSusEEO30tvPWmIHTojuj7l0XtKWU5l2RZhzweonlysWafCacDiTisUfji1oeyJKO8PPkWQmle2V65pkFcVf6IBR4hwNt1smDDaxLud3ubHkOA7t5glsD1fuilsGk3GhlV8v%2BjB2erv%2BZ%2Brrs5VHOiTQgGE7%2BZatKjf5hEf1XctkK7iP2PECA%2FrZmWh4R90YhqNjMLMF37IGTcafAkl8SUA1yVIMMNqLACnbjknB0qr9OINJO0cBUUOEf95BYgHLHSkPg%2F6PYJW9LpCSumzPJoigK7CtQzZWLlur1%2FFge4%2BEpY9o3qG1YIGPeJFNymJmaZSvY5ysVOc%2BJfZRKWUNskRekudW4LAgR4Xxl%2FdcF1QLKwJ%2F76XjmZjVL4T80JNKgTd1woZLwre%2F0c6LfC8XQvOaVEQABQ%2BEHw28GHTiiTOmISQ0Q6Dvtu%2B86bScIs2wDyVN3kmpzj8HKpYJst8kuZb6SFfWbLEvCKf0smyorlBgmuu6hWTQwEWHGZEUDU8GMKYp9p0JS6ZJaoLwzQpquJmDjDBKE8FNpvE5X%2BzGfXfSa%2BPcOp5xh3GfFud8%2FfyZt04KoDr6us%2BRKRCOTdsWr9TI%3D&nvMid=46670332618&catId=50000151
2024 LG그램 인텔 Ultra5 16GB 256GB 가벼운 노트북 사무용 대학생 인강용,1299000,https://cr.shopping.naver.com/adcr.nhn?x=mNAopnXK4UWyzC0I5LbfVv%2F%2F%2Fw%3D%3DskjnSPEGjhenqnepiQDE3GhJ2cA6rF%2B06pHxNA8GKKKcXtKWU5l2RZhzweonlysWanTBK37CGMv%2B2rBCVxPoosvPkWQmle2V65pkFcVf6IBR4hwNt1smDDaxLud3ubHkOLGUiP6HDz6JZY0ryO1a%2FOsVIhUTYq2J1wF4XcKD2AOWkOA3ZateG%2FY8eKxwX1E0NxpbQnpklAg0K61Ja85P6bu6zZuRg22%2FOMAgeL%2B6r72bDpmNu2Rs3tEPrV0ZTODsbWqyaFa2xLbpwGCJChqMDqg%2FATxCtxMEC25XcflCia7rCgKtWUSAb52qd3Vn0OUA5pLnVuCwIEeF8Zf3XBdUCyvO4wOapWRuEQWOEbOM8ujR8xFiiHki%2FIAhpKNJriFwEUqPRpm73IS9%2BgQ9%2Few5OjDxQY6V3uZedjfRpvNTXd94F0D6pRHM9AfuJVlJK3jFeJZbNxiUzPHT7ZNIsDS8qrO3msa%2F1qT1jJi%2BEnmnORafIx3L8ZIzhgHU6WFOC3UlItbjpliLGJacXCez%2BUC%2F2fTKyfkGqwSQWmAkxzwROLkhrWNLxRrWHCJoudYzHCivGPLYrQJx3Xgn12FtlO0NVK7nYIcg1vvJIXr0HNQ95B3QzrcuIfTjSEiMyTXpQetjdaGimR4pR27mrh1IoDTOSgA%3D%3D&nvMid=86636005031&catId=50000151
삼성전자 갤럭시북4 NT750XGR-A51A,773500,https://cr.shopping.naver.com/adcr.nhn?x=BuswOuJ0CJK5fNGdf%2FH%2BaP%2F%2F%2Fw%3D%3Ds%2FAW5SIRoQ0uWr%2BDZHCRtRRhfWRnm1sDHm2%2FCmLuYJWv2m%2FfFa014Vbw4CyFgdKsaIbr8bH8sMGVxxy4z%2F7ssokhwf23LaXI3%2BWBMrS282udbXyCWgblhATlkH5C9P4zXptzbKxkdv7T9NaJp9P8a8lVd6Z%2BmZ5fvTALbBBPmfKIcFa8VjQD16Wd85fJwh1MjAOiRTQSRFOgANLaWq4GrYBtDwm%2BqtcL%2F%2BsHW7V7DzFJvOkN1ObtekPcPUhD3%2FT7c7rNm5GDbb84wCB4v7qvvZsOmY27ZGze0Q%2BtXRlM4OxtarJoVrbEtunAYIkKGowOqRKvjCZnMHR1evy%2FyGZATryEhb%2B5%2BbgCLWD5ufmjwVaCy5rjDnXk2U6sJ3Y5BNj1r8RTjKjGUHarrkEmRVPbNiKAhfbmRc6T9Q91MqoVII6piBcJIkFUGGdEtZw8LXCDKDs25fA5bww2qYT75E1e%2Fk42us14s7vuGZM6zXHZ5i2nWxy8spsgt1GELAqXujvPDT%2BDzDxwp7nT02YxkVA94lJRuz3P9teOFm0RfGG5RmeJ6CpyCJ0UgMu7G1KuNjXaQAfbTZaplkiqwbPMpcYqFqAau4fTwOUqyF63FjwpQRls%3D&nvMid=46670109618&catId=50000151
삼성전자 갤럭시북4 프로 NT960XGQ-A52A,1898000,https://cr.shopping.naver.com/adcr.nhn?x=zzRLBzNTdS3Rl6CHYhCBNf%2F%2F%2Fw%3D%3DsTN3J1IR7slOhKt0k63iyBU%2Bqs7A1rL2KzarZrlWHVRUXtKWU5l2RZhzweonlysWadvwykD8cSPAJhykhefsdCfPkWQmle2V65pkFcVf6IBR4hwNt1smDDaxLud3ubHkOA7t5glsD1fuilsGk3GhlV8v%2BjB2erv%2BZ%2Brrs5VHOiTQgGE7%2BZatKjf5hEf1XctkK1MkojaKowAcSc7roImxiptjMLMF37IGTcafAkl8SUA1yVIMMNqLACnbjknB0qr9OINJO0cBUUOEf95BYgHLHSkPg%2F6PYJW9LpCSumzPJoigK7CtQzZWLlur1%2FFge4%2BEpRghO4nQjyv1d0koZ7CoEzoPEcoRF6RWUsuziSDpD3EykudW4LAgR4Xxl%2FdcF1QLKGUgZJo5qFf3tj%2BZYMPKnV91woZLwre%2F0c6LfC8XQvOYaBrv%2FAYZ2VuMx%2BHoowSgiA8efig8H%2BSh8%2FDYSamc4o1N3kmpzj8HKpYJst8kuZb5TVd47HjgGgWqld4mky31wPNRouOLVBR9bkVCm5wEj0Hs3T4qzSBIVN2HAysFdoOQYP2bFohcTUEEFVPptz549Qu1aJNF618D69QP5LUPWSQ4SwcLvxUEucVmH%2BcOht40%3D&nvMid=44883996618&catId=50000151
삼성전자 갤럭시북2 NT550XEZ-A58A,566530,https://cr.shopping.naver.com/adcr.nhn?x=Djr8wv01U6KoGt6XdXLouf%2F%2F%2Fw%3D%3Dsi9qm%2FRSHLH%2FNt09WbnBbuOEXxJ3UcQvUwUaOdQitgjIXtKWU5l2RZhzweonlysWa9uZ1m0VfwFc960Yz3R8p0fPkWQmle2V65pkFcVf6IBR4hwNt1smDDaxLud3ubHkOA7t5glsD1fuilsGk3GhlV8v%2BjB2erv%2BZ%2Brrs5VHOiTQgGE7%2BZatKjf5hEf1XctkKnK9gjx817PNQlrJebqt3BNjMLMF37IGTcafAkl8SUA1yVIMMNqLACnbjknB0qr9OINJO0cBUUOEf95BYgHLHSkPg%2F6PYJW9LpCSumzPJoigK7CtQzZWLlur1%2FFge4%2BEpH3Zol20jq7sptRO%2FD0JTW0TQe8hljNiyyePLB6gjWsSkudW4LAgR4Xxl%2FdcF1QLKmkBpgT9%2Bf3e1MeI9Wh3lV91woZLwre%2F0c6LfC8XQvOZfhi4BjwgIMvxXagqvhvBfTcl8NpqFbUubKNUHUVw561N3kmpzj8HKpYJst8kuZb4dAkI6%2B%2F1M2FZG4RW0Ph1DiHpp7oSxk%2FJKzMXHDTRt%2B1d0shCXcSCDngLgb6gVnWMsQw8VNrEBs06lYqmkkaHt%2BPcOp5xh3GfFud8%2FfyZt04KoDr6us%2BRKRCOTdsWr9TI%3D&nvMid=32914807618&catId=50000151
삼성전자 갤럭시북4 울트라 NT960XGP-G72A,2899000,https://cr.shopping.naver.com/adcr.nhn?x=ue2WRuDJsNHJCYWfTk0Xo%2F%2F%2F%2Fw%3D%3Dsze%2FwL6Q4jM1tQcFvWOX7yesMFGanhKgBdUX%2F4A1ejHj2m%2FfFa014Vbw4CyFgdKsaQudwanReHaPOsBhTtSsWYUhwf23LaXI3%2BWBMrS282udbXyCWgblhATlkH5C9P4zXptzbKxkdv7T9NaJp9P8a8lVd6Z%2BmZ5fvTALbBBPmfKJiL5pNWLYG8nPcqciz%2FkvXotb61nuFjMUP7s6EmctFthtDwm%2BqtcL%2F%2BsHW7V7DzFJvOkN1ObtekPcPUhD3%2FT7c7rNm5GDbb84wCB4v7qvvZsOmY27ZGze0Q%2BtXRlM4OxtarJoVrbEtunAYIkKGowOq8xgsUJTAV0Ea6CPUt7aK5CEhb%2B5%2BbgCLWD5ufmjwVaCy5rjDnXk2U6sJ3Y5BNj1rRR7KFKraNahSkvy8DixfKaAhfbmRc6T9Q91MqoVII6rNhyVyDw4YZe1BkLVAFrCa2o8fdwjnvQAnuvX9Qlq5WlgHsjYJosx2rC4rYQGspyTMwCPw4gZORJyVqSLFYWs%2FwtIYh35n85gCNF9XAudNiiov0erKDfuIiUL3y5ydsOPsZoeFJ7hl%2FD209G7ijJ5K%2FCx6bnVwy90b382ljlD0u0HQIiXcF4qwUXZ2sX76wW8%3D&nvMid=44883388619&catId=50000151
삼성 노트북 사무용 인강용 업무용 싼 가성비 노트북 학생용 (i3 8GB 256GB),579000,https://cr.shopping.naver.com/adcr.nhn?x=rTFkd6Fw0CCSoJL6hDqobP%2F%2F%2Fw%3D%3DsUcdxA4a8cHkd4eI5OpUImnyNWb%2FbdWDEPumHUNiHEMkXtKWU5l2RZhzweonlysWa%2BpNwkiQA8dmD0vjLw4IF%2BfPkWQmle2V65pkFcVf6IBR4hwNt1smDDaxLud3ubHkOLGUiP6HDz6JZY0ryO1a%2FOsVIhUTYq2J1wF4XcKD2AOWkOA3ZateG%2FY8eKxwX1E0NstbOF%2BZLA8unLOM7ucaas%2B6zZuRg22%2FOMAgeL%2B6r72bDpmNu2Rs3tEPrV0ZTODsbWqyaFa2xLbpwGCJChqMDqvWPTlzWnAli1iFcssWgn%2Bi0c0roACO2kJBMtixg90wNzzP1AE02N8MNWVtGJkp2mwhfROitwF4G9G1SZOfp4a3N81WjUpxJVJrN5mDsz4BpgDqC2cU3HbikoSx6qPPc3LDV%2BBxK5duzojUvl6oJZv%2B%2FoJXbqSb1rPi1oXTbCUMWXjQo4ebftAY7ep%2BOpvKxIZjE1HkaYcPTh30jo5QhmXj4Gd0RQmikOd4RZcjX0aD8q1voXY7ob0AWaHUZvS0sfxttdcX3QhhmmGhCuUjvDpY81Gi44tUFH1uRUKbnASPQoLWKAuz1qjbA0DY%2Bu7wUhIA%2FBnx8GbhCJfuIrcXXGVLzKurihFjy4Z0JKAFO8fteVoWd0jB03C5aYq3HUc1IKtSSLJQZncWk8e8Ttfjz6Fs%3D&nvMid=82592250321&catId=50000151
삼성전자 노트북 플러스2 NT550XDA-K14A,549000,https://cr.shopping.naver.com/adcr.nhn?x=plnysqWmYpLhgNAWemTsVf%2F%2F%2Fw%3D%3DsIHtCIJxgeaX8VBb6XftztF8JrDrIMFsDF%2Be2ZuvnPAT2JuB1xbdLlYSG9uR1HG3pHRQisjHlRdY7zVVW0biG5rRFcDz8bG6KS4r8o62aao0qmj83V%2FIXXUfCnzomTTE%2F5Qc5BDeg2oQQE6UV3bc1099%2BKy%2Fm0d%2BgYWHtEf61Jo5CNclKwvLyA%2Fys%2F%2FHPPajLkX0Dic19NDOgLka8HuPeeyKAIbpwv%2BC6ot980PsBr8Pac1A9eX%2F2kC2ux9IFZyvDog11r%2BFvnzCJTmg%2BAV9HHqsJF1TG8DXvuOXRWh2aiSE1QmeK3ZPITzKHcbEnR%2BI8rydjqFphoIdKWQtaO6Enjaeg5uwE1Oh3nQO0JuhN8thXfqiCwBtPYYwEdSt6i2JAKGNcAwoO7uGAByInyGAgr%2F5D0vlh%2FqqJF2hTwDNmmtpIv%2Bx%2BJbRMl1B4pRi06RM6534DwAW%2FcBnU4RfRRV968l0e0%2F7oUtw182DVYHDHcyV7jMgycw%2BYDRr9TgT8%2FLs9nWJL0JQAvYpVO%2FrRX8pTB%2FoLRdeTzJJo5DQ5ovPMjEWHYkijxltKaKJYx4njVYoztCJvreqc2YEAwbqcmYFnq8tVYavx%2B%2B8fWZa9SBc8rqM%3D&nvMid=26529080523&catId=50000151
LG전자 LG그램 15ZD90S-GX76K,1698990,https://cr.shopping.naver.com/adcr.nhn?x=smMiHEfq476BfqC96sLBiv%2F%2F%2Fw%3D%3Ds%2FkuwRSTEwvj4chtrGvtcMFsjoTTgA%2BucTbuaROHGUPsXtKWU5l2RZhzweonlysWaT3tUTvDAtQ5YVWf3TIuL9%2FPkWQmle2V65pkFcVf6IBR4hwNt1smDDaxLud3ubHkOA7t5glsD1fuilsGk3GhlV8v%2BjB2erv%2BZ%2Brrs5VHOiTQgGE7%2BZatKjf5hEf1XctkKsieveWJbAXjg5cdRzWYnGNjMLMF37IGTcafAkl8SUA1yVIMMNqLACnbjknB0qr9OINJO0cBUUOEf95BYgHLHSkPg%2F6PYJW9LpCSumzPJoigK7CtQzZWLlur1%2FFge4%2BEpg0FxlgyxxwMpmhAjfdHdW3jnLwOI%2B8qW9421MDPZOqCkudW4LAgR4Xxl%2FdcF1QLK0s1FxtWCb1LvR3JgoQQqa91woZLwre%2F0c6LfC8XQvObtFSlOS%2BljBy5W%2FAWZVITlAV94USYdfkuFVn4sXE9UsFN3kmpzj8HKpYJst8kuZb7OrvewkrnVEu8GFTVNZuiedRM2ejeXMHLKUhaOgGkIEo%2F2jOZ1X9azl5NH1VOMKFuhpI%2FBhjj5xgwmOLhmt%2F5ifOkP2ptcCRXLAchIvEgrbg4SwcLvxUEucVmH%2BcOht40%3D&nvMid=44947567618&catId=50000151
삼성전자 갤럭시북4 프로360 NT960QGQ-A51A,1999000,https://cr.shopping.naver.com/adcr.nhn?x=mZyLciKjqHLCXMDxNf0vDP%2F%2F%2Fw%3D%3DsnRkBs6maPEcn4J4GHY9qXoxmn53RX4codVqu4ypuRZIXtKWU5l2RZhzweonlysWaMmbuHGBtP4CchcOQQTyOTvPkWQmle2V65pkFcVf6IBR4hwNt1smDDaxLud3ubHkOA7t5glsD1fuilsGk3GhlV8v%2BjB2erv%2BZ%2Brrs5VHOiTQgGE7%2BZatKjf5hEf1XctkKa5PBj%2FLvz9ezx1JYlixK1tjMLMF37IGTcafAkl8SUA1yVIMMNqLACnbjknB0qr9OINJO0cBUUOEf95BYgHLHSkPg%2F6PYJW9LpCSumzPJoigK7CtQzZWLlur1%2FFge4%2BEpXwcr5y3ccANwPJFQp8RsfRmG3jBFzucDEfA6SA%2BpaJ%2BkudW4LAgR4Xxl%2FdcF1QLKw20M%2FWp7hIX5pru79BsyFd1woZLwre%2F0c6LfC8XQvOYaBrv%2FAYZ2VuMx%2BHoowSgick775liGZdEXlorq6z37KlN3kmpzj8HKpYJst8kuZb4n0NYlKOCAZ1O6ds9G6ntpPNRouOLVBR9bkVCm5wEj0I%2F2jOZ1X9azl5NH1VOMKFvkkJ4Ak0R1ZuTyO6cxBCfWxTjsLaAgeq8De7zWk58LUg4SwcLvxUEucVmH%2BcOht40%3D&nvMid=47093438618&catId=50000151
삼성전자 갤럭시북4 프로 NT960XGQ-AD72G,2198990,https://cr.shopping.naver.com/adcr.nhn?x=Y9GWCF33MYCahbaRynTzE%2F%2F%2F%2Fw%3D%3DslGzt3AI%2BBZOqqC045plEHSpT5d5ff8DY9GhQIPYhdBIXtKWU5l2RZhzweonlysWarEOwOXW74vODzVrH1Lxs6PPkWQmle2V65pkFcVf6IBR4hwNt1smDDaxLud3ubHkOA7t5glsD1fuilsGk3GhlV8v%2BjB2erv%2BZ%2Brrs5VHOiTQgGE7%2BZatKjf5hEf1XctkKzp2jU3A%2B0G2wj9O%2B6p1JJNjMLMF37IGTcafAkl8SUA1yVIMMNqLACnbjknB0qr9OINJO0cBUUOEf95BYgHLHSkPg%2F6PYJW9LpCSumzPJoigK7CtQzZWLlur1%2FFge4%2BEp%2FlwMw4v1ERQm4LOB9cLOhLXYOjtn2xi6MzYEOhwHwUGkudW4LAgR4Xxl%2FdcF1QLKEAivRFieB31ictILM65UT91woZLwre%2F0c6LfC8XQvOYaBrv%2FAYZ2VuMx%2BHoowSgiq1CEI%2FNPcIPWJ9QFObOhOqWX4OkdQnUc0HiX%2FEfB6sDJkHAwSkXRLFGf0WxV1ymKfjYL0MjURoK4Hz7O3v9Lpb%2BGBoyQkiFtSLwcV09cBvfMSP%2FLTPyw21vsPC8364LIM04bpL59SQ2rVW1zgrGoRIVsN%2FiAcjmtIwlTUFZwg6A%3D&nvMid=44815893618&catId=50000151
LG전자 LG그램 15ZD90S-GX56K,1278990,https://cr.shopping.naver.com/adcr.nhn?x=Qsh40iZbmJoZgzOxs6VnVP%2F%2F%2Fw%3D%3Dskum%2FkGbWKuRO8Su%2BhKE0RW9gpWESw%2FF%2F7LqCjFdLoJb2JuB1xbdLlYSG9uR1HG3pnTGLCBv9PE6NNWdrtG%2FZ9LRFcDz8bG6KS4r8o62aao0qmj83V%2FIXXUfCnzomTTE%2F5Qc5BDeg2oQQE6UV3bc1099%2BKy%2Fm0d%2BgYWHtEf61Jo5CNclKwvLyA%2Fys%2F%2FHPPajLWcF9W5Wfvl7mh%2BuOQOdbcyKAIbpwv%2BC6ot980PsBr8Pac1A9eX%2F2kC2ux9IFZyvDog11r%2BFvnzCJTmg%2BAV9HHqsJF1TG8DXvuOXRWh2aiSE1QmeK3ZPITzKHcbEnR%2BI8v%2BxqqG%2B3JNKlJ1TZ2Zb456mBPQ2ecdpM1qTdw7yEVU9XfqiCwBtPYYwEdSt6i2JABw%2FpJ9vK7nh07UK9zQ1hrVUPlbztWGh5QtPCe872fU8AUDW%2FF1SYCXEpJOef%2FQBI5OK96Nx4m2Nqb96R6rTqwF0e0%2F7oUtw182DVYHDHcyX459ANJ%2FIFavXavgEJXXNgzrc8kP8xGmU%2F42RegQ92TY6%2F74bs%2FzNmznhIO5N5zjVR8VVFCW7CbKRY4NskfRbth0KHGz84rAX%2BwCYSFIyiEmhopkeKUdu5q4dSKA0zkoA%3D&nvMid=44947263618&catId=50000151
레노버 아이디어패드 Slim1-15ALC7,376310,https://cr.shopping.naver.com/adcr.nhn?x=COvixIhRl6mYr2QXVh98HP%2F%2F%2Fw%3D%3DscHlMk8eeA17VpkvolyO7H8uOl6vJpsrfhjJcyTHyHyT2JuB1xbdLlYSG9uR1HG3pJ3%2F5kYhFCgA10kdGGTu6PLRFcDz8bG6KS4r8o62aao0qmj83V%2FIXXUfCnzomTTE%2F5Qc5BDeg2oQQE6UV3bc1099%2BKy%2Fm0d%2BgYWHtEf61Jo5CNclKwvLyA%2Fys%2F%2FHPPajLR%2Bz%2FcZhqWOEHKfUXXxXc2SKAIbpwv%2BC6ot980PsBr8Pac1A9eX%2F2kC2ux9IFZyvDog11r%2BFvnzCJTmg%2BAV9HHqsJF1TG8DXvuOXRWh2aiSE1QmeK3ZPITzKHcbEnR%2BI8nk%2FjMR9b2GDQe5a7NJ6QKYA8ASJxG2xzPracNmgEtAVXfqiCwBtPYYwEdSt6i2JAFz6eVi35ShK6W3bGCGfhP%2B7qP31Xt3NfSF5zs%2BvNXbqITF%2Bn1aaTvXziEq%2F4MxnvAuF0gTiBdIkGDQYeWeCggK9WG84DIl0dsnDYrbdK53Ays3D0FrsxXFu7Ak8YsTVh0KFe8HinMWk1D2hvez7xsr%2BGBoyQkiFtSLwcV09cBvdoDweHxln5npDnGMT4HaZcWASfFm7erx%2FbF8wQvW8wWIVsN%2FiAcjmtIwlTUFZwg6A%3D&nvMid=43425682618&catId=50000151
삼성 15인치 인텔 i5 고사양 태블릿PC 2in1 영상편집 대학생 사무용 가벼운 노트북,1199000,https://cr.shopping.naver.com/adcr.nhn?x=OhDktBA6g6je7RQ%2Bbtn%2BTv%2F%2F%2Fw%3D%3DsZuJYtPuNWrqBOprxR0jClRE2FJ%2F%2Bu8ATAPNaoqh8688XtKWU5l2RZhzweonlysWa7CUg%2FIGOqWqJwmKNmBrCyPPkWQmle2V65pkFcVf6IBR4hwNt1smDDaxLud3ubHkOLGUiP6HDz6JZY0ryO1a%2FOsVIhUTYq2J1wF4XcKD2AOWkOA3ZateG%2FY8eKxwX1E0Nk4fZ3hfSIkvT9iUUCPqAHO6zZuRg22%2FOMAgeL%2B6r72bDpmNu2Rs3tEPrV0ZTODsbWqyaFa2xLbpwGCJChqMDqnGEbG42qomaAf1J%2FIgmedx733uu7InaY7WB0nbZAKe3zzP1AE02N8MNWVtGJkp2m9OWZq198v68K0VAKH0Xr37N81WjUpxJVJrN5mDsz4BpVs%2BU6GLITStthWUvuJh0IUrHE7HUbW%2BuxyQesbHBmktPsjnsiHjhuFjUN%2B9Bkv2u8nGc5Ju1josx%2Fp2KpLV3oOY6H2g%2F%2FQ6k0oij%2BELCYEeehboinBV17iKd1Gj6z9d%2FSjb9vFxzR%2FCYx1OlH2twgANCz01R5kE8b8saq5fGyIYuL6qQmPHN1JKKgvUmzMKa%2BFdM8rQCC7p0PpDEZm0kFcqa8%2F8G7VI7DLoTszzCwxQ%2FWP%2FnwEUBC4oNa7FG88cc88N3BFZCaAjq8VrDy8lKO%2BcpNHgI7u%2BZMJ96b7aXVpU%3D&nvMid=82296279981&catId=50000151
LG전자 LG그램 14ZD90S-GX56K,1198990,https://cr.shopping.naver.com/adcr.nhn?x=79u9szlnZsvUw5duQRK4j%2F%2F%2F%2Fw%3D%3Dskk6YGePyDYA2IWW34FTpYqsZSlbA6SRHv3lGt6FoC8UXtKWU5l2RZhzweonlysWaV73UaE7OaBdXi%2FkXxWJhRfPkWQmle2V65pkFcVf6IBR4hwNt1smDDaxLud3ubHkOA7t5glsD1fuilsGk3GhlV8v%2BjB2erv%2BZ%2Brrs5VHOiTQgGE7%2BZatKjf5hEf1XctkKOpjlM%2Fk%2BCD1OWBmtuwcV9NjMLMF37IGTcafAkl8SUA1yVIMMNqLACnbjknB0qr9OINJO0cBUUOEf95BYgHLHSkPg%2F6PYJW9LpCSumzPJoigK7CtQzZWLlur1%2FFge4%2BEpYNwDIxPzd%2Fb0ORyunSXgyLXYOjtn2xi6MzYEOhwHwUGkudW4LAgR4Xxl%2FdcF1QLK4SJdpwCa8BKMJDbIvX%2FPYt1woZLwre%2F0c6LfC8XQvObzTGRUTKQr%2FUwyxsVp2bKrIQmXnmIQ01NzUUmCj3KnsVN3kmpzj8HKpYJst8kuZb7B%2B5CKTllK9USJgkjN3W8JdRM2ejeXMHLKUhaOgGkIEo%2F2jOZ1X9azl5NH1VOMKFvwfhzIMmRKlgu796kiRqt77K3o28i6%2FcriAo10gDIdOg4SwcLvxUEucVmH%2BcOht40%3D&nvMid=44947893618&catId=50000151
LG전자 LG그램 16ZD90RU-GX56K,1296113,https://cr.shopping.naver.com/adcr.nhn?x=j4sUtTRbxwXUx4Mttm4U3v%2F%2F%2Fw%3D%3DsvZgmNgafFLbWgYLwMX5q2HLKwBAWQ0iW2FitT2PrfzMXtKWU5l2RZhzweonlysWaqmdSgNrbk67tlpr3e1sKG%2FPkWQmle2V65pkFcVf6IBR4hwNt1smDDaxLud3ubHkOA7t5glsD1fuilsGk3GhlV8v%2BjB2erv%2BZ%2Brrs5VHOiTQgGE7%2BZatKjf5hEf1XctkKF2E%2F16AslcnpZiS4TF3PZ9jMLMF37IGTcafAkl8SUA1yVIMMNqLACnbjknB0qr9OINJO0cBUUOEf95BYgHLHSkPg%2F6PYJW9LpCSumzPJoigK7CtQzZWLlur1%2FFge4%2BEpFjaKZ2s3zmo80uZpVhK5Ga2HaqC8Cj1DbUABmxxEz5ikudW4LAgR4Xxl%2FdcF1QLK1dcmz9ZJ59%2B8QX1i35Ba691woZLwre%2F0c6LfC8XQvObqKeXbKaolgbhLb2YthE7qQTO9p5zYnPUQqlg9U%2BfVmqWX4OkdQnUc0HiX%2FEfB6sCYD7PNBQa2H9%2BdannN5GoKGSrm%2BXMP0aKsIqPnU%2FJds7%2BGBoyQkiFtSLwcV09cBvfNJ1wOnmDmhK1M2mbG5tbQq2i8OhOu%2FA90B%2BpPaRIb74VsN%2FiAcjmtIwlTUFZwg6A%3D&nvMid=39515635618&catId=50000151
레노버 아이디어패드 Slim3 15ABR8 82XM0039KR,625900,https://cr.shopping.naver.com/adcr.nhn?x=cD4tunrpzzurvFXrZaG2dv%2F%2F%2Fw%3D%3DsbHYTsozWwtnCIwFoMhUnRGhUMgs2oruF8oIzvVbK6xYXtKWU5l2RZhzweonlysWaS%2FPmtzT4JTnNEeI0Bw%2BQLvPkWQmle2V65pkFcVf6IBR4hwNt1smDDaxLud3ubHkOA7t5glsD1fuilsGk3GhlV8v%2BjB2erv%2BZ%2Brrs5VHOiTQgGE7%2BZatKjf5hEf1XctkKe2xX%2BLMTvCb3qlBuI7%2BnodjMLMF37IGTcafAkl8SUA1yVIMMNqLACnbjknB0qr9OINJO0cBUUOEf95BYgHLHSkPg%2F6PYJW9LpCSumzPJoigK7CtQzZWLlur1%2FFge4%2BEplZKIOK9bKNtH5oDPYBv1rDf3aGh0REhXyUN6BIdhGaWkudW4LAgR4Xxl%2FdcF1QLK2bacC96XaSFmhfIdWZST1N1woZLwre%2F0c6LfC8XQvOY46NgifS4z3UkA590XCTBW7l7xOoP8tIW5J7QnTP6oA2hJwAOIAKg1kpH6qAoCKMcmulpP%2B12VMZ7UaWjK%2B9Kp%2Fh8Na4Ih2%2Fc%2B%2FYE8K%2FBEBp1KU85kE3pXnhNMvq7%2FMWyiRwGVvv5xtjHXkdOjtZz6OPArvV4jxKbUdND63DaZ%2BQN%2BQsjK6V0FLd%2Fybx7qcubNSE3OzZUT76KyqzckASmm&nvMid=38367058618&catId=50000151
Apple 맥북 에어 2020년형 M1 256G 스페이스 그레이 (MGN63KH/A),1149000,https://cr.shopping.naver.com/adcr.nhn?x=mrXPZl01DLiW%2FhwvTb2z2P%2F%2F%2Fw%3D%3Ds0Z4L6W5DafMHNvUalUCrSgkasAApgyrcnZPA%2Ft4vO572JuB1xbdLlYSG9uR1HG3p6C%2BFxMQq%2FfoRuBKO3G1m%2FrRFcDz8bG6KS4r8o62aao0qmj83V%2FIXXUfCnzomTTE%2F5Qc5BDeg2oQQE6UV3bc1099%2BKy%2Fm0d%2BgYWHtEf61Jo5CNclKwvLyA%2Fys%2F%2FHPPajL0VEFFQva%2FfbuEe1HC%2FFUcCKAIbpwv%2BC6ot980PsBr8Pac1A9eX%2F2kC2ux9IFZyvDog11r%2BFvnzCJTmg%2BAV9HHqsJF1TG8DXvuOXRWh2aiSE1QmeK3ZPITzKHcbEnR%2BI8wcwzLxsbKPIgPyFWtaJVLiUnoM7lMzxn1kCwzs2VbTVXfqiCwBtPYYwEdSt6i2JACCIRpPbqVzkFrKk%2Buf5xoXf0TZDzrWc0sFfy%2FmfhMFaw8593OR%2Br4qxUoJ1uSinatonQyAHNunVMizgWNaBzD5SwGJl3k6TbrX1nm7aV27bjdhQkMXhwERJySwoxAtf53jOvXQ7NNrm6W4sZbboyxw70K%2FXyzqmR25z%2BCojqwmp61Pz7Ynx2jSfPoLMH9zguB4t2H5vsSuInCbcesrqy7J1KU85kE3pXnhNMvq7%2FMWxttsCAAhvCwkjVCdlq3zsol%2FgmJdrO1tdQudeOWcPFbwN%2BQsjK6V0FLd%2Fybx7qcubNSE3OzZUT76KyqzckASmm&nvMid=26101847522&catId=50000151
삼성 14인치 인텔 울트라7 가벼운 고사양 사무용 대학생 영상편집 AI 윈도우11 노트북,1599000,https://cr.shopping.naver.com/adcr.nhn?x=D%2BbzDkWpWziWfPe96cPs8v%2F%2F%2Fw%3D%3Dsa9UjmFV4QWAwD%2FmyXUyzKXfWb2m99nGMYj99xlhN1Qf2JuB1xbdLlYSG9uR1HG3powWbd%2BMSZVjAuTAaBIodWLRFcDz8bG6KS4r8o62aao0qmj83V%2FIXXUfCnzomTTE%2F5Qc5BDeg2oQQE6UV3bc100S%2BortKzfQDWBF5GV%2FKfqEhJv3ljJo79VVIpj6%2Fm3WOJpk9oOffIrOfOCoLSPl3NyDSTtHAVFDhH%2FeQWIByx0pD4P%2Bj2CVvS6QkrpszyaIoCuwrUM2Vi5bq9fxYHuPhKd%2BsWa0EQvzivi58a6eCjnJDRed4S66eT0gNnXnOWT4TXDWTeRReOiaoO3w1jY%2BQmm3WLljXRAx4MlH2SUxagOK%2BWj1H45z%2FndnRlXTgB9xVpw1tBnHqCkfH23D84%2BoPHKbL7cM17a9BitJDi5PfKWNMsI%2FzQTssk5M9utiBfMYGeBBrTh9xx7upM1pcdkQBlgYVmgg54nIEuIA7FdJtCmRRPBWZisB5MMc6XFge1iauDMGqvG39NqYxeBF3rrei7d%2B4seNiY44aY4phLJ1NOCbOyOSK1%2BRPFtFf6tzws2O6VmTDLelwigo%2FVNLNNy7XxH3PwRfupCzWRTKfRKhpgZRHH%2FnOtsSzLHYmkuXqmt9ZOG2Cju8A5KJ4LhCz32%2BdFwMttZObqQSLtusPeaHmFZm33g0yXNzV93rtwrDtankM&nvMid=83097419824&catId=50000151
LG전자 그램 프로 16ZD90SP-GX56K,1698870,https://cr.shopping.naver.com/adcr.nhn?x=TfSuNUNEYkBsQz9YSOy9vv%2F%2F%2Fw%3D%3DssX4V8meAwJ05OIA94MFRT29oW8G927Ct3EvA18ZV%2BqMXtKWU5l2RZhzweonlysWaRp1ZDGfNf5JOhyp7SzHq9%2FPkWQmle2V65pkFcVf6IBR4hwNt1smDDaxLud3ubHkOA7t5glsD1fuilsGk3GhlV8v%2BjB2erv%2BZ%2Brrs5VHOiTQgGE7%2BZatKjf5hEf1XctkKtRVjTjF5mqYAPoBBOwNKv9jMLMF37IGTcafAkl8SUA1yVIMMNqLACnbjknB0qr9OINJO0cBUUOEf95BYgHLHSkPg%2F6PYJW9LpCSumzPJoigK7CtQzZWLlur1%2FFge4%2BEpUHjPAiZ4Nj3zwkp7Du8c%2Ba2HaqC8Cj1DbUABmxxEz5ikudW4LAgR4Xxl%2FdcF1QLKWz7W9fyK3HuQPpFvf5%2FM7d1woZLwre%2F0c6LfC8XQvObqKeXbKaolgbhLb2YthE7qqh75Z2Tye5lAIIlTJLnOQKWX4OkdQnUc0HiX%2FEfB6sAh0p2tdv0Oe4Q6fATeY8AzXTF5LJ5FL1iU9Z36sfV5jL%2BGBoyQkiFtSLwcV09cBvcNYdJ1jQzJV3jXssy1HMlXPec%2FvyOVp6Ylvwv8mD6BgYVsN%2FiAcjmtIwlTUFZwg6A%3D&nvMid=44947895618&catId=50000151
LG전자 울트라PC 15UD40R-GX36K,568390,https://cr.shopping.naver.com/adcr.nhn?x=zNMVe82N9C49bIZpVpzRrP%2F%2F%2Fw%3D%3DsYlcBmQOQCkFe2wsAjAXdp7%2B78N55F3tSCm1mbGzGmwcXtKWU5l2RZhzweonlysWaNOgW5t65CfoG3GlVV8k%2BVPPkWQmle2V65pkFcVf6IBR4hwNt1smDDaxLud3ubHkOA7t5glsD1fuilsGk3GhlV8v%2BjB2erv%2BZ%2Brrs5VHOiTQgGE7%2BZatKjf5hEf1XctkK1LsB43gik7rzbUhT7iip69jMLMF37IGTcafAkl8SUA1yVIMMNqLACnbjknB0qr9OINJO0cBUUOEf95BYgHLHSkPg%2F6PYJW9LpCSumzPJoigK7CtQzZWLlur1%2FFge4%2BEpV1H%2FZrN9xiFMMYMGn7H9UEbqeEwNmv7B2ut3vrfD7SmkudW4LAgR4Xxl%2FdcF1QLKQEFFqDbzLJ4QSC3kJ2ngY91woZLwre%2F0c6LfC8XQvOZIC8%2Bw2VW3%2BXqEcRh4qA4%2BKUH3Cnh4epAFQ73fydCjkVN3kmpzj8HKpYJst8kuZb5ZUcv5LNgQbgHt0cRmqmUy5h5Py00ZP8HSnfNJaBQUe5E7Jf%2F2HYJVUoge%2BOYeQIGfS21OMVpqa9bL5qK%2B2Bwvrwtx3ZafO6xwp9OEQIVBoIKoDr6us%2BRKRCOTdsWr9TI%3D&nvMid=37824766618&catId=50000151
삼성전자 갤럭시북4 프로 NT940XGQ-A71A,1698990,https://cr.shopping.naver.com/adcr.nhn?x=%2FjxbS0tWxC5qr28DZM6i1v%2F%2F%2Fw%3D%3DsyqKKmIUBHz%2FhJ2zqu9A9zRz8WQbXPIZJDauL96q6ISoXtKWU5l2RZhzweonlysWaJTGt2kq%2BKjfHGUqojeVrgvPkWQmle2V65pkFcVf6IBR4hwNt1smDDaxLud3ubHkOA7t5glsD1fuilsGk3GhlV8v%2BjB2erv%2BZ%2Brrs5VHOiTQgGE7%2BZatKjf5hEf1XctkKBjrRxxu%2FTfOExcO9d6Ud3djMLMF37IGTcafAkl8SUA1yVIMMNqLACnbjknB0qr9OINJO0cBUUOEf95BYgHLHSkPg%2F6PYJW9LpCSumzPJoigK7CtQzZWLlur1%2FFge4%2BEplBqxm6LoPPWjTqs79kzQiPQAe55F7LXidcmcWoGUW5KkudW4LAgR4Xxl%2FdcF1QLK4ZHtYz95BdT09VW%2BXup%2FjN1woZLwre%2F0c6LfC8XQvOa6mSCZCYSvV8n0pPyznxnPUFzbxBqLaAJAMjnPnmyn51N3kmpzj8HKpYJst8kuZb6Rrfid2hKu8tbzd1zo%2BdPZdRM2ejeXMHLKUhaOgGkIEv6suBQH1V68VSdP4hFuDVjAS6RbQDHkQ9A9V8e56dS5DJC0tzdR6yyFEXa6C1e6DQ4SwcLvxUEucVmH%2BcOht40%3D&nvMid=44881316618&catId=50000151
삼성전자 갤럭시북4 울트라 NT960XGL-X72A,2923980,https://cr.shopping.naver.com/adcr.nhn?x=tEeQtW0WlQ887rckooew4v%2F%2F%2Fw%3D%3DsWpOLGlM4RWYzndFuZVODKYhcYYTpuuX%2FGS%2Bwo1RxZXX2JuB1xbdLlYSG9uR1HG3pgwNVC9p%2BvZn9Etgi7BuTKLRFcDz8bG6KS4r8o62aao0qmj83V%2FIXXUfCnzomTTE%2F5Qc5BDeg2oQQE6UV3bc1099%2BKy%2Fm0d%2BgYWHtEf61Jo5CNclKwvLyA%2Fys%2F%2FHPPajLN2fgY1yMGT42W09j0MSdMiKAIbpwv%2BC6ot980PsBr8Pac1A9eX%2F2kC2ux9IFZyvDog11r%2BFvnzCJTmg%2BAV9HHqsJF1TG8DXvuOXRWh2aiSE1QmeK3ZPITzKHcbEnR%2BI8hE8892FdoFk8rY4owIrT2FcGtbq4aInDUZxcdn69s9VXfqiCwBtPYYwEdSt6i2JA7%2BMET9oLn9FPSzFNkNa7OA9eYIHN0YOp7QVFz1FGeKxIv%2Bx%2BJbRMl1B4pRi06RM6rRi4%2B7WABOKXw8fKNhlEQF0e0%2F7oUtw182DVYHDHcyWxaS5t%2FBtWMrffVTrVW3tKvSRCLcZisklDotoOXkvQ3I6%2F74bs%2FzNmznhIO5N5zjVFsSlv4DHBjCxUi26E%2BfOYlNpdm2xhZmF8IKsDWWNWsGhopkeKUdu5q4dSKA0zkoA%3D&nvMid=44908060618&catId=50000151
베이직스 베이직북 14 3세대 BB1422SS,398000,https://cr.shopping.naver.com/adcr.nhn?x=NkfLTSbpNxL%2BfbDzdjuGpf%2F%2F%2Fw%3D%3DsATrHCybYsIqIUQnnzJth61jeHTMsveh12W%2B8EuSZUY4XtKWU5l2RZhzweonlysWaF4ouS7bTOrGRtvPnYKiW%2FPPkWQmle2V65pkFcVf6IBR4hwNt1smDDaxLud3ubHkOA7t5glsD1fuilsGk3GhlV8v%2BjB2erv%2BZ%2Brrs5VHOiTQgGE7%2BZatKjf5hEf1XctkKkisS%2B%2B0vFWyNc2y3I18169jMLMF37IGTcafAkl8SUA1yVIMMNqLACnbjknB0qr9OINJO0cBUUOEf95BYgHLHSkPg%2F6PYJW9LpCSumzPJoigK7CtQzZWLlur1%2FFge4%2BEp5Sr4gVRh1eH1U62ODt7N%2BU8PIY5jO%2FyfPceC89kGX5KkudW4LAgR4Xxl%2FdcF1QLKuvVjIUKH4PO0Att9LWkpXd1woZLwre%2F0c6LfC8XQvOaH6GtyiM9eTuU5VQyjs4e3SrzErz%2BW%2F3EitUwIiIEXyB8WWpJTR41lzgh37v1%2B0utdHtP%2B6FLcNfNg1WBwx3MlzGHr7xVUvbxPfODOpeJ15J4JX1fvzX6P%2FWqvIJKpoer6C0XXk8ySaOQ0OaLzzIxFmmtVUvv6PZU54CRukioCTH9bvcfXyruEIMlktsr5jPbLVWGr8fvvH1mWvUgXPK6j&nvMid=33758325618&catId=50000151
삼성전자 갤럭시북3 NT750XFT-A51A,797990,https://cr.shopping.naver.com/adcr.nhn?x=A9UemeYBAelq8L77D1LAd%2F%2F%2F%2Fw%3D%3Dsf01q1uUbc0Jlf88oL7unEBegR4Mu%2F9H5FToduN3RBSD2JuB1xbdLlYSG9uR1HG3p1O4TLftXSBh88qwWdPt%2FurRFcDz8bG6KS4r8o62aao0qmj83V%2FIXXUfCnzomTTE%2F5Qc5BDeg2oQQE6UV3bc1099%2BKy%2Fm0d%2BgYWHtEf61Jo5CNclKwvLyA%2Fys%2F%2FHPPajL%2FhZCcOx1FLi5%2FEvu1qGkrSKAIbpwv%2BC6ot980PsBr8Pac1A9eX%2F2kC2ux9IFZyvDog11r%2BFvnzCJTmg%2BAV9HHqsJF1TG8DXvuOXRWh2aiSE1QmeK3ZPITzKHcbEnR%2BI8nnzuEzMzjVHhOhmDeXc5tfi9zecZbBBZayiDXExNiZhXfqiCwBtPYYwEdSt6i2JAZalCJkd6vqCxekGexc4HbO7qP31Xt3NfSF5zs%2BvNXbpIv%2Bx%2BJbRMl1B4pRi06RM6YpCX0iJEs3YykndACZ5UfF0e0%2F7oUtw182DVYHDHcyVwOv6iN9Vp4lt7wJnJSJhZUx4BQd1DpCJok%2F3XAba0vPoLRdeTzJJo5DQ5ovPMjEW%2F8N5jwqoytnjkSpVOV%2ByqzI6H9VupXSu0FM6bPYLLI8tVYavx%2B%2B8fWZa9SBc8rqM%3D&nvMid=39746112618&catId=50000151
삼성전자 갤럭시북3 NT750XFT-A71A,1098000,https://cr.shopping.naver.com/adcr.nhn?x=HsTiAYf2QAuyVvWt6zi8%2F%2F%2F%2F%2Fw%3D%3DszuTLftgX0qX1cxN4O4MTNKVK95SpuG%2Br4%2FWlKVasTET2m%2FfFa014Vbw4CyFgdKsa5zzEYm4%2FMMnAwPDIqLHxfUhwf23LaXI3%2BWBMrS282udbXyCWgblhATlkH5C9P4zXptzbKxkdv7T9NaJp9P8a8lVd6Z%2BmZ5fvTALbBBPmfKINOQYhsglml8zWdPkvk90JbtKPm%2F%2BbAxMKi1kvoZhpKhtDwm%2BqtcL%2F%2BsHW7V7DzFJvOkN1ObtekPcPUhD3%2FT7c7rNm5GDbb84wCB4v7qvvZsOmY27ZGze0Q%2BtXRlM4OxtarJoVrbEtunAYIkKGowOqHxe10sy3dU2f%2FQJFOF4wGiEhb%2B5%2BbgCLWD5ufmjwVaCy5rjDnXk2U6sJ3Y5BNj1rivDmloO8C7efsJXZQhsfR6AhfbmRc6T9Q91MqoVII6rEkr7arAP7IHzktLH36MMiswgyUzzIQkIgzSw4p7%2BKfnTCIPAJk2HuXTLdI4ikEOCSnMbTGY731ubTnmvTCPanwtIYh35n85gCNF9XAudNij6CFtWTAv3Npigb6bCCrGB1YAjB4EtHg0WILoivZjW0ZOY2qck3BAiLjAxqmDytTkHQIiXcF4qwUXZ2sX76wW8%3D&nvMid=39724518618&catId=50000151
Apple 맥북 프로 14 2023년 M3 Pro 11코어 스페이스 블랙 (MRX33KH/A),2584270,https://cr.shopping.naver.com/adcr.nhn?x=VYZR21Co%2BD%2BYyuFMcWFdLP%2F%2F%2Fw%3D%3Ds8rcE8pWbuwkx61O16kSnskyHpVn2IK%2FkLLBKThtzSSwXtKWU5l2RZhzweonlysWawfc32O5ZKZEko37HxShJLvPkWQmle2V65pkFcVf6IBR4hwNt1smDDaxLud3ubHkOA7t5glsD1fuilsGk3GhlV8v%2BjB2erv%2BZ%2Brrs5VHOiTQgGE7%2BZatKjf5hEf1XctkKoPvfcma0dc1eJHMbjg6PP9jMLMF37IGTcafAkl8SUA1yVIMMNqLACnbjknB0qr9OINJO0cBUUOEf95BYgHLHSkPg%2F6PYJW9LpCSumzPJoigK7CtQzZWLlur1%2FFge4%2BEp4z9t9%2B%2F83izl7nqJgGB%2F1fuUS68QN7QopO3bQ%2FhpqpWkudW4LAgR4Xxl%2FdcF1QLKnaLypHxnMdR6XYSERjAuZt1woZLwre%2F0c6LfC8XQvOZsskHxC65ys005tL6LX8iNHa9%2BAJ38%2FS5IiT0ZkChST1kBxtyOcU5AVJxIvsC6FFaoF%2BDvqxEQvsMbb5XNeVgPFgXb0oygLMoIUadBZyeNyfWjQzp9Fc9pTT1IKdLpmzurADz98msSGL0R%2FXdv1xVduYLNuInEOHZuY5mo4Y1N9FE3riYGb0bxCu4GQsNwdPp7b20sDgyNOfnoa5dr6zjTcvhS9OLKJVlfpC%2BrvY73ftdUpF7z8QhS%2FTv6G3BE5FQNUJgJp6CUXauCvW7Y5AjN&nvMid=44159575618&catId=50000151
